Item,Status,Notes,Priority
交付页数与结构明确（1页总结 + 2页支撑）,Clear,已明确以3页为主,P0
评审时间的“具体日期”与截止时间,Missing,仅描述“下周评审前”，缺少具体日期,P0
1页总结页的信息架构（结论先行：推荐/不推荐、三方向差异、关键取舍）,Partial,目标明确，但未给出固定版式与必填字段,P0
三个方向的定义与命名（每个方向一句话定位）,Missing,仅要求“理解差异”，未提供方向内容本体,P0
三方向差异的对比维度与口径（造价/施工难度/工期）,Partial,维度明确，但未定义评价口径、量化方式、权重,P0
造价信息输入（预算红线、上限、计价范围/假设）,Partial,明确“红线未确认”，需要补齐,P0
施工难度的判断依据（关键工序/风险点/可施工性假设）,Missing,仅要求体现影响，未给依据与约束,P1
工期影响的判断依据（关键路径、里程碑、可压缩空间）,Missing,仅要求体现影响，未给节点与约束,P1
“不展开到工程深度”的边界定义（做到概念/示意/策略级）,Partial,有原则，但缺少可执行的深度标准,P1
夜景内容范围（作为辅助：放在哪一页、占比多少、表达到什么程度）,Partial,原则明确，但缺少具体呈现规则,P2
两页支撑说明的内容清单（每页各回答什么问题）,Missing,需要把支撑页拆成固定模块，避免散,P1
语言风格检查（短句、要点化、避免大段描述）,Clear,已明确风格要求,P2
行动项与待确认问题的输出区块（可直接复用为 Action/Open Questions）,Partial,方向明确，但未定义放置位置与格式,P1
